{"cameraMode":{"drawMode":0,"name":"Shaded","section":"Shading Mode"},"sceneLighting":true,"audioPlay":false,"sceneViewState":{"showFog":true,"showMaterialUpdate":false,"showSkybox":true,"showFlares":true,"showImageEffects":true,"showParticleSystems":true},"in2DMode":false,"pivot":{"x":-122.65824890136719,"y":149.38131713867188,"z":-358.0808410644531},"rotation":{"x":0.13312970101833344,"y":-0.09206287562847138,"z":0.012442613951861859,"w":0.9867351055145264},"size":251.9486541748047,"orthographic":true}