{"cameraMode":{"drawMode":0,"name":"Shaded","section":"Shading Mode"},"sceneLighting":true,"audioPlay":false,"sceneViewState":{"showFog":true,"showMaterialUpdate":false,"showSkybox":true,"showFlares":true,"showImageEffects":true,"showParticleSystems":true},"in2DMode":false,"pivot":{"x":16.05923080444336,"y":-4196.662109375,"z":-1429.0657958984375},"rotation":{"x":-0.048375748097896579,"y":0.8878342509269714,"z":-0.44743257761001589,"w":-0.09599095582962036},"size":9328.4228515625,"orthographic":true}