{"cameraMode":{"drawMode":0,"name":"Shaded","section":"Shading Mode"},"sceneLighting":true,"audioPlay":false,"sceneViewState":{"showFog":true,"showMaterialUpdate":false,"showSkybox":true,"showFlares":true,"showImageEffects":true,"showParticleSystems":true},"in2DMode":false,"pivot":{"x":-27.01892852783203,"y":318.9152526855469,"z":44.50716018676758},"rotation":{"x":-0.03823941573500633,"y":0.9614536166191101,"z":-0.18214966356754304,"w":-0.20240135490894319},"size":656.3733520507813,"orthographic":true}