{"cameraMode":{"drawMode":0,"name":"Shaded","section":"Shading Mode"},"sceneLighting":true,"audioPlay":false,"sceneViewState":{"showFog":true,"showMaterialUpdate":false,"showSkybox":true,"showFlares":true,"showImageEffects":true,"showParticleSystems":true},"in2DMode":false,"pivot":{"x":432.64111328125,"y":116.27169036865235,"z":-236.70713806152345},"rotation":{"x":0.5257652401924133,"y":0.18304166197776795,"z":-0.11701737344264984,"w":0.8224194049835205},"size":4647.47998046875,"orthographic":false}