{"cameraMode":{"drawMode":0,"name":"Shaded","section":"Shading Mode"},"sceneLighting":true,"audioPlay":false,"sceneViewState":{"showFog":true,"showMaterialUpdate":false,"showSkybox":true,"showFlares":true,"showImageEffects":true,"showParticleSystems":true},"in2DMode":false,"pivot":{"x":-145.11520385742188,"y":13773.6318359375,"z":-5093.1376953125},"rotation":{"x":-0.5482977032661438,"y":0.024090023711323739,"z":-0.015803830698132516,"w":-0.8357868194580078},"size":276.3496398925781,"orthographic":false}